{
  "hash": "ef092ed3",
  "configHash": "d0d5f147",
  "lockfileHash": "6bfba0cc",
  "browserHash": "44f174a0",
  "optimized": {
    "@angular/core": {
      "src": "../../../../../node_modules/@angular/core/fesm2022/core.mjs",
      "file": "@angular_core.js",
      "fileHash": "87309731",
      "needsInterop": false
    },
    "@angular/platform-browser": {
      "src": "../../../../../node_modules/@angular/platform-browser/fesm2022/platform-browser.mjs",
      "file": "@angular_platform-browser.js",
      "fileHash": "a90cacad",
      "needsInterop": false
    },
    "@angular/router": {
      "src": "../../../../../node_modules/@angular/router/fesm2022/router.mjs",
      "file": "@angular_router.js",
      "fileHash": "4f8171a9",
      "needsInterop": false
    }
  },
  "chunks": {
    "chunk-4CR7SUYH": {
      "file": "chunk-4CR7SUYH.js"
    },
    "chunk-VOJBHTPI": {
      "file": "chunk-VOJBHTPI.js"
    }
  }
}